<?xml version="1.0" encoding="UTF-8"?>
<metadata xml:lang="fr"><Esri><CreaDate>20130411</CreaDate><CreaTime>16211200</CreaTime><ArcGISFormat>1.0</ArcGISFormat><SyncOnce>FALSE</SyncOnce><DataProperties><lineage><Process ToolSource="C:\Program Files (x86)\ArcGIS\Desktop10.0\ArcToolbox\Toolboxes\Data Management Tools.tbx\DeleteField" Date="20130312" Time="113054">DeleteField PolygMasseDEauSouterraineV2 EU_CD;NAME;MS_CD;REGION_CD;INS_WHEN;INS_BY;BASIN_CD;SURF_KM2;SURF_AFF;SURF_SSC;TRANSDIST;TRANSFRON;TYPE_FR;FRANGE_LIT;REGROUPE;COMMENT_;NAT_ECOUL;POLY_CD;OBJECTID_1</Process><Process ToolSource="C:\Program Files (x86)\ArcGIS\Desktop10.0\ArcToolbox\Toolboxes\Data Management Tools.tbx\Merge" Date="20130313" Time="115355">Merge PolygMasseDEauSouterraine2;PolygMasseDEauSouterraine D:\Brugeron\2013\MESO_AppuiDEB\NEW_MESO\National_V1\RENDU\METROPOLE\ARCGIS\MDB\Ref_MESO_Version1_2013_FranceMetro.mdb\PolygMasseDEauSouterraine3 "CdPolygMasseDEauSouterraine "CdPolygMasseDEauSouterraine" true true false 20 Text 0 0 ,First,#,PolygMasseDEauSouterraine2,CdPolygMasseDEauSouterraine,-1,-1,PolygMasseDEauSouterraine,CdPolygMasseDEauSouterraine,-1,-1;Niveau "Niveau" true true false 2 Short 0 0 ,First,#,PolygMasseDEauSouterraine2,Niveau,-1,-1,PolygMasseDEauSouterraine,Niveau,-1,-1;CdEuMasseDEau "CdEuMasseDEau" true true false 10 Text 0 0 ,First,#,PolygMasseDEauSouterraine2,CdEuMasseDEau,-1,-1,PolygMasseDEauSouterraine,CdEuMasseDEau,-1,-1;CdMasseDEau "CdMasseDEau" true true false 10 Text 0 0 ,First,#,PolygMasseDEauSouterraine2,CdMasseDEau,-1,-1,PolygMasseDEauSouterraine,CdMasseDEau,-1,-1;NomMasseDEau "NomMasseDEau" true true false 254 Text 0 0 ,First,#,PolygMasseDEauSouterraine2,NomMasseDEau,-1,-1,PolygMasseDEauSouterraine,NomMasseDEau,-1,-1;DateCreationMasseDEau "DateCreationMasseDEau" true true false 20 Text 0 0 ,First,#,PolygMasseDEauSouterraine2,DateCreationMasseDEau,-1,-1,PolygMasseDEauSouterraine,DateCreationMasseDEau,-1,-1;DateMajMasseDEau "DateMajMasseDEau" true true false 20 Text 0 0 ,First,#,PolygMasseDEauSouterraine2,DateMajMasseDEau,-1,-1,PolygMasseDEauSouterraine,DateMajMasseDEau,-1,-1;StMasseDEau "StMasseDEau" true true false 20 Text 0 0 ,First,#,PolygMasseDEauSouterraine,StMasseDEau,-1,-1;CdBassinDCE "CdBassinDCE" true true false 2 Text 0 0 ,First,#,PolygMasseDEauSouterraine,CdBassinDCE,-1,-1;SurfaceTotaleKm "SurfaceTotaleKm" true true false 8 Double 0 0 ,First,#,PolygMasseDEauSouterraine,SurfaceTotaleKm,-1,-1;SurfaceAffKm "SurfaceAffKm" true true false 8 Double 0 0 ,First,#,PolygMasseDEauSouterraine,SurfaceAffKm,-1,-1;SurfaceSsCouvKm "SurfaceSsCouvKm" true true false 8 Double 0 0 ,First,#,PolygMasseDEauSouterraine,SurfaceSsCouvKm,-1,-1;PrecSupMasseDEauSout "PrecSupMasseDEauSout" true true false 1 Text 0 0 ,First,#,PolygMasseDEauSouterraine,PrecSupMasseDEauSout,-1,-1;MasseDEauTransDistrict "MasseDEauTransDistrict" true true false 1 Text 0 0 ,First,#,PolygMasseDEauSouterraine,MasseDEauTransDistrict,-1,-1;MasseDEauAssocPlusieursPays "MasseDEauAssocPlusieursPays" true true false 1 Text 0 0 ,First,#,PolygMasseDEauSouterraine,MasseDEauAssocPlusieursPays,-1,-1;TypeMasseDEauSouterraine "TypeMasseDEauSouterraine" true true false 3 Text 0 0 ,First,#,PolygMasseDEauSouterraine,TypeMasseDEauSouterraine,-1,-1;Karstique "Karstique" true true false 1 Text 0 0 ,First,#,PolygMasseDEauSouterraine,Karstique,-1,-1;FrangeLittorale "FrangeLittorale" true true false 1 Text 0 0 ,First,#,PolygMasseDEauSouterraine,FrangeLittorale,-1,-1;Regroupees "Regroupees" true true false 1 Text 0 0 ,First,#,PolygMasseDEauSouterraine,Regroupees,-1,-1;Commentaires "Commentaires" true true false 2147483647 Text 0 0 ,First,#,PolygMasseDEauSouterraine,Commentaires,-1,-1;NatureEcoulement "NatureEcoulement" true true false 1 Text 0 0 ,First,#,PolygMasseDEauSouterraine,NatureEcoulement,-1,-1;LatMasseDEau "LatMasseDEau" true true false 8 Double 0 0 ,First,#,PolygMasseDEauSouterraine,LatMasseDEau,-1,-1;LonMasseDEau "LonMasseDEau" true true false 8 Double 0 0 ,First,#,PolygMasseDEauSouterraine,LonMasseDEau,-1,-1;SystemeRefGeoCentroMasseDEauSout "SystemeRefGeoCentroMasseDEauSout" true true false 2 Text 0 0 ,First,#,PolygMasseDEauSouterraine,SystemeRefGeoCentroMasseDEauSout,-1,-1;CdEcoregionContinentale "CdEcoregionContinentale" true true false 2 Text 0 0 ,First,#,PolygMasseDEauSouterraine,CdEcoregionContinentale,-1,-1"</Process><Process ToolSource="C:\Program Files (x86)\ArcGIS\Desktop10.0\ArcToolbox\Toolboxes\Data Management Tools.tbx\CalculateField" Date="20130325" Time="102703">CalculateField PolygMasseDEauSouterraine PrecSupMasseDEauSout 2 VB #</Process><Process ToolSource="C:\Program Files (x86)\ArcGIS\Desktop10.0\ArcToolbox\Toolboxes\Data Management Tools.tbx\CalculateField" Date="20130411" Time="153039">CalculateField PolygMasseDEauSouterraine CdPolygMasseDEauSouterraine [OBJECTID] VB #</Process><Process ToolSource="C:\Program Files (x86)\ArcGIS\Desktop10.0\ArcToolbox\Toolboxes\Data Management Tools.tbx\CalculateField" Date="20130411" Time="153108">CalculateField PolygMasseDEauSouterraine CdPolygMasseDEauSouterraine ""0000000" &amp; [OBJECTID]" VB #</Process><Process ToolSource="C:\Program Files (x86)\ArcGIS\Desktop10.0\ArcToolbox\Toolboxes\Data Management Tools.tbx\CalculateField" Date="20130411" Time="153130">CalculateField PolygMasseDEauSouterraine CdPolygMasseDEauSouterraine ""000000" &amp; [OBJECTID]" VB #</Process><Process ToolSource="C:\Program Files (x86)\ArcGIS\Desktop10.0\ArcToolbox\Toolboxes\Data Management Tools.tbx\CalculateField" Date="20130411" Time="153151">CalculateField PolygMasseDEauSouterraine CdPolygMasseDEauSouterraine ""00000" &amp; [OBJECTID]" VB #</Process></lineage><itemProps><itemLocation><linkage Sync="TRUE">file://\\SRV156\D$\Brugeron\2013\MESO_AppuiDEB\NEW_MESO\National_V1\RENDU\METROPOLE\ARCGIS\MDB\Ref_MESO_Version1_2013_FranceMetro.mdb</linkage><protocol Sync="TRUE">Local Area Network</protocol></itemLocation><itemName Sync="TRUE">PolygMasseDEauSouterraine3</itemName><imsContentType Sync="TRUE">002</imsContentType></itemProps><coordRef><type Sync="TRUE">Projected</type><geogcsn Sync="TRUE">GCS_RGF_1993</geogcsn><projcsn Sync="TRUE">RGF93_Lambert_93</projcsn><peXml Sync="TRUE">&lt;ProjectedCoordinateSystem xsi:type='typens:ProjectedCoordinateSystem' xmlns:xsi='http://www.w3.org/2001/XMLSchema-instance' xmlns:xs='http://www.w3.org/2001/XMLSchema' xmlns:typens='http://www.esri.com/schemas/ArcGIS/10.0'&gt;&lt;WKT&gt;PROJCS[&amp;quot;RGF93_Lambert_93&amp;quot;,GEOGCS[&amp;quot;GCS_RGF_1993&amp;quot;,DATUM[&amp;quot;D_RGF_1993&amp;quot;,SPHEROID[&amp;quot;GRS_1980&amp;quot;,6378137.0,298.257222101]],PRIMEM[&amp;quot;Greenwich&amp;quot;,0.0],UNIT[&amp;quot;Degree&amp;quot;,0.0174532925199433]],PROJECTION[&amp;quot;Lambert_Conformal_Conic&amp;quot;],PARAMETER[&amp;quot;False_Easting&amp;quot;,700000.0],PARAMETER[&amp;quot;False_Northing&amp;quot;,6600000.0],PARAMETER[&amp;quot;Central_Meridian&amp;quot;,3.0],PARAMETER[&amp;quot;Standard_Parallel_1&amp;quot;,44.0],PARAMETER[&amp;quot;Standard_Parallel_2&amp;quot;,49.0],PARAMETER[&amp;quot;Latitude_Of_Origin&amp;quot;,46.5],UNIT[&amp;quot;Meter&amp;quot;,1.0]]&lt;/WKT&gt;&lt;XOrigin&gt;-39227090.461769432&lt;/XOrigin&gt;&lt;YOrigin&gt;-26637905.603283212&lt;/YOrigin&gt;&lt;XYScale&gt;112795587.53922623&lt;/XYScale&gt;&lt;ZOrigin&gt;-100000&lt;/ZOrigin&gt;&lt;ZScale&gt;10000&lt;/ZScale&gt;&lt;MOrigin&gt;-100000&lt;/MOrigin&gt;&lt;MScale&gt;10000&lt;/MScale&gt;&lt;XYTolerance&gt;0.001&lt;/XYTolerance&gt;&lt;ZTolerance&gt;0.001&lt;/ZTolerance&gt;&lt;MTolerance&gt;0.001&lt;/MTolerance&gt;&lt;HighPrecision&gt;true&lt;/HighPrecision&gt;&lt;/ProjectedCoordinateSystem&gt;</peXml></coordRef></DataProperties><SyncDate>20130313</SyncDate><SyncTime>11535300</SyncTime><ModDate>20130313</ModDate><ModTime>11535300</ModTime></Esri><dataIdInfo><envirDesc Sync="TRUE">Microsoft Windows Server 2008 R2 Version 6.1 (Build 7600) ; ESRI ArcGIS 10.0.2.3200</envirDesc><dataLang><languageCode value="fra" country="FRA"></languageCode></dataLang><idCitation><resTitle Sync="TRUE">PolygMasseDEauSouterraine3</resTitle><presForm><PresFormCd value="005"></PresFormCd></presForm></idCitation><descKeys><thesaName uuidref="723f6998-058e-11dc-8314-0800200c9a66"></thesaName><keyword Sync="TRUE">002</keyword></descKeys><spatRpType><SpatRepTypCd value="001"></SpatRepTypCd></spatRpType></dataIdInfo><mdLang><languageCode value="fra"></languageCode></mdLang><distInfo><distFormat><formatName Sync="TRUE">Personal GeoDatabase Feature Class</formatName></distFormat></distInfo><mdHrLv><ScopeCd value="005"></ScopeCd></mdHrLv><mdHrLvName Sync="TRUE">dataset</mdHrLvName><refSysInfo><RefSystem><refSysID><identCode code="0"></identCode></refSysID></RefSystem></refSysInfo><spdoinfo><ptvctinf><esriterm Name="PolygMasseDEauSouterraine3"><efeatyp Sync="TRUE">Simple</efeatyp><efeageom Sync="TRUE">4</efeageom><esritopo Sync="TRUE">FALSE</esritopo><efeacnt Sync="TRUE">0</efeacnt><spindex Sync="TRUE">TRUE</spindex><linrefer Sync="TRUE">FALSE</linrefer></esriterm></ptvctinf></spdoinfo><spatRepInfo><VectSpatRep><topLvl><TopoLevCd value="001"></TopoLevCd></topLvl><geometObjs><geoObjTyp><GeoObjTypCd value="002"></GeoObjTypCd><geoObjCnt Sync="TRUE">0</geoObjCnt></geoObjTyp></geometObjs></VectSpatRep></spatRepInfo><eainfo><detailed Name="PolygMasseDEauSouterraine3"><enttyp><enttypl Sync="TRUE">PolygMasseDEauSouterraine3</enttypl><enttypt Sync="TRUE">Feature Class</enttypt><enttypc Sync="TRUE">0</enttypc></enttyp><attr><attrlabl Sync="TRUE">OBJECTID</attrlabl><attalias Sync="TRUE">OBJECTID</attalias><attrtype Sync="TRUE">OID</attrtype><attwidth Sync="TRUE">4</attwidth><atprecis Sync="TRUE">0</atprecis><attscale Sync="TRUE">0</attscale><attrdef Sync="TRUE">Internal feature number.</attrdef><attrdefs Sync="TRUE">ESRI</attrdefs><attrdomv><udom Sync="TRUE">Sequential unique whole numbers that are automatically generated.</udom></attrdomv></attr><attr><attrlabl Sync="TRUE">Shape</attrlabl><attalias Sync="TRUE">Shape</attalias><attrtype Sync="TRUE">Geometry</attrtype><attwidth Sync="TRUE">0</attwidth><atprecis Sync="TRUE">0</atprecis><attscale Sync="TRUE">0</attscale><attrdef Sync="TRUE">Feature geometry.</attrdef><attrdefs Sync="TRUE">ESRI</attrdefs><attrdomv><udom Sync="TRUE">Coordinates defining the features.</udom></attrdomv></attr><attr><attrlabl Sync="TRUE">CdPolygMasseDEauSouterraine</attrlabl><attalias Sync="TRUE">CdPolygMasseDEauSouterraine</attalias><attrtype Sync="TRUE">String</attrtype><attwidth Sync="TRUE">20</attwidth><atprecis Sync="TRUE">0</atprecis><attscale Sync="TRUE">0</attscale></attr><attr><attrlabl Sync="TRUE">Niveau</attrlabl><attalias Sync="TRUE">Niveau</attalias><attrtype Sync="TRUE">SmallInteger</attrtype><attwidth Sync="TRUE">2</attwidth><atprecis Sync="TRUE">0</atprecis><attscale Sync="TRUE">0</attscale></attr><attr><attrlabl Sync="TRUE">CdEuMasseDEau</attrlabl><attalias Sync="TRUE">CdEuMasseDEau</attalias><attrtype Sync="TRUE">String</attrtype><attwidth Sync="TRUE">10</attwidth><atprecis Sync="TRUE">0</atprecis><attscale Sync="TRUE">0</attscale></attr><attr><attrlabl Sync="TRUE">CdMasseDEau</attrlabl><attalias Sync="TRUE">CdMasseDEau</attalias><attrtype Sync="TRUE">String</attrtype><attwidth Sync="TRUE">10</attwidth><atprecis Sync="TRUE">0</atprecis><attscale Sync="TRUE">0</attscale></attr><attr><attrlabl Sync="TRUE">NomMasseDEau</attrlabl><attalias Sync="TRUE">NomMasseDEau</attalias><attrtype Sync="TRUE">String</attrtype><attwidth Sync="TRUE">254</attwidth><atprecis Sync="TRUE">0</atprecis><attscale Sync="TRUE">0</attscale></attr><attr><attrlabl Sync="TRUE">DateCreationMasseDEau</attrlabl><attalias Sync="TRUE">DateCreationMasseDEau</attalias><attrtype Sync="TRUE">String</attrtype><attwidth Sync="TRUE">20</attwidth><atprecis Sync="TRUE">0</atprecis><attscale Sync="TRUE">0</attscale></attr><attr><attrlabl Sync="TRUE">DateMajMasseDEau</attrlabl><attalias Sync="TRUE">DateMajMasseDEau</attalias><attrtype Sync="TRUE">String</attrtype><attwidth Sync="TRUE">20</attwidth><atprecis Sync="TRUE">0</atprecis><attscale Sync="TRUE">0</attscale></attr><attr><attrlabl Sync="TRUE">StMasseDEau</attrlabl><attalias Sync="TRUE">StMasseDEau</attalias><attrtype Sync="TRUE">String</attrtype><attwidth Sync="TRUE">20</attwidth><atprecis Sync="TRUE">0</atprecis><attscale Sync="TRUE">0</attscale></attr><attr><attrlabl Sync="TRUE">CdBassinDCE</attrlabl><attalias Sync="TRUE">CdBassinDCE</attalias><attrtype Sync="TRUE">String</attrtype><attwidth Sync="TRUE">2</attwidth><atprecis Sync="TRUE">0</atprecis><attscale Sync="TRUE">0</attscale></attr><attr><attrlabl Sync="TRUE">SurfaceTotaleKm</attrlabl><attalias Sync="TRUE">SurfaceTotaleKm</attalias><attrtype Sync="TRUE">Double</attrtype><attwidth Sync="TRUE">8</attwidth><atprecis Sync="TRUE">0</atprecis><attscale Sync="TRUE">0</attscale></attr><attr><attrlabl Sync="TRUE">SurfaceAffKm</attrlabl><attalias Sync="TRUE">SurfaceAffKm</attalias><attrtype Sync="TRUE">Double</attrtype><attwidth Sync="TRUE">8</attwidth><atprecis Sync="TRUE">0</atprecis><attscale Sync="TRUE">0</attscale></attr><attr><attrlabl Sync="TRUE">SurfaceSsCouvKm</attrlabl><attalias Sync="TRUE">SurfaceSsCouvKm</attalias><attrtype Sync="TRUE">Double</attrtype><attwidth Sync="TRUE">8</attwidth><atprecis Sync="TRUE">0</atprecis><attscale Sync="TRUE">0</attscale></attr><attr><attrlabl Sync="TRUE">PrecSupMasseDEauSout</attrlabl><attalias Sync="TRUE">PrecSupMasseDEauSout</attalias><attrtype Sync="TRUE">String</attrtype><attwidth Sync="TRUE">1</attwidth><atprecis Sync="TRUE">0</atprecis><attscale Sync="TRUE">0</attscale></attr><attr><attrlabl Sync="TRUE">MasseDEauTransDistrict</attrlabl><attalias Sync="TRUE">MasseDEauTransDistrict</attalias><attrtype Sync="TRUE">String</attrtype><attwidth Sync="TRUE">1</attwidth><atprecis Sync="TRUE">0</atprecis><attscale Sync="TRUE">0</attscale></attr><attr><attrlabl Sync="TRUE">MasseDEauAssocPlusieursPays</attrlabl><attalias Sync="TRUE">MasseDEauAssocPlusieursPays</attalias><attrtype Sync="TRUE">String</attrtype><attwidth Sync="TRUE">1</attwidth><atprecis Sync="TRUE">0</atprecis><attscale Sync="TRUE">0</attscale></attr><attr><attrlabl Sync="TRUE">TypeMasseDEauSouterraine</attrlabl><attalias Sync="TRUE">TypeMasseDEauSouterraine</attalias><attrtype Sync="TRUE">String</attrtype><attwidth Sync="TRUE">3</attwidth><atprecis Sync="TRUE">0</atprecis><attscale Sync="TRUE">0</attscale></attr><attr><attrlabl Sync="TRUE">Karstique</attrlabl><attalias Sync="TRUE">Karstique</attalias><attrtype Sync="TRUE">String</attrtype><attwidth Sync="TRUE">1</attwidth><atprecis Sync="TRUE">0</atprecis><attscale Sync="TRUE">0</attscale></attr><attr><attrlabl Sync="TRUE">FrangeLittorale</attrlabl><attalias Sync="TRUE">FrangeLittorale</attalias><attrtype Sync="TRUE">String</attrtype><attwidth Sync="TRUE">1</attwidth><atprecis Sync="TRUE">0</atprecis><attscale Sync="TRUE">0</attscale></attr><attr><attrlabl Sync="TRUE">Regroupees</attrlabl><attalias Sync="TRUE">Regroupees</attalias><attrtype Sync="TRUE">String</attrtype><attwidth Sync="TRUE">1</attwidth><atprecis Sync="TRUE">0</atprecis><attscale Sync="TRUE">0</attscale></attr><attr><attrlabl Sync="TRUE">Commentaires</attrlabl><attalias Sync="TRUE">Commentaires</attalias><attrtype Sync="TRUE">String</attrtype><attwidth Sync="TRUE">2147483647</attwidth><atprecis Sync="TRUE">0</atprecis><attscale Sync="TRUE">0</attscale></attr><attr><attrlabl Sync="TRUE">NatureEcoulement</attrlabl><attalias Sync="TRUE">NatureEcoulement</attalias><attrtype Sync="TRUE">String</attrtype><attwidth Sync="TRUE">1</attwidth><atprecis Sync="TRUE">0</atprecis><attscale Sync="TRUE">0</attscale></attr><attr><attrlabl Sync="TRUE">LatMasseDEau</attrlabl><attalias Sync="TRUE">LatMasseDEau</attalias><attrtype Sync="TRUE">Double</attrtype><attwidth Sync="TRUE">8</attwidth><atprecis Sync="TRUE">0</atprecis><attscale Sync="TRUE">0</attscale></attr><attr><attrlabl Sync="TRUE">LonMasseDEau</attrlabl><attalias Sync="TRUE">LonMasseDEau</attalias><attrtype Sync="TRUE">Double</attrtype><attwidth Sync="TRUE">8</attwidth><atprecis Sync="TRUE">0</atprecis><attscale Sync="TRUE">0</attscale></attr><attr><attrlabl Sync="TRUE">SystemeRefGeoCentroMasseDEauSout</attrlabl><attalias Sync="TRUE">SystemeRefGeoCentroMasseDEauSout</attalias><attrtype Sync="TRUE">String</attrtype><attwidth Sync="TRUE">2</attwidth><atprecis Sync="TRUE">0</atprecis><attscale Sync="TRUE">0</attscale></attr><attr><attrlabl Sync="TRUE">CdEcoregionContinentale</attrlabl><attalias Sync="TRUE">CdEcoregionContinentale</attalias><attrtype Sync="TRUE">String</attrtype><attwidth Sync="TRUE">2</attwidth><atprecis Sync="TRUE">0</atprecis><attscale Sync="TRUE">0</attscale></attr><attr><attrlabl Sync="TRUE">Shape_Length</attrlabl><attalias Sync="TRUE">Shape_Length</attalias><attrtype Sync="TRUE">Double</attrtype><attwidth Sync="TRUE">8</attwidth><atprecis Sync="TRUE">0</atprecis><attscale Sync="TRUE">0</attscale><attrdef Sync="TRUE">Length of feature in internal units.</attrdef><attrdefs Sync="TRUE">ESRI</attrdefs><attrdomv><udom Sync="TRUE">Positive real numbers that are automatically generated.</udom></attrdomv></attr><attr><attrlabl Sync="TRUE">Shape_Area</attrlabl><attalias Sync="TRUE">Shape_Area</attalias><attrtype Sync="TRUE">Double</attrtype><attwidth Sync="TRUE">8</attwidth><atprecis Sync="TRUE">0</atprecis><attscale Sync="TRUE">0</attscale><attrdef Sync="TRUE">Area of feature in internal units squared.</attrdef><attrdefs Sync="TRUE">ESRI</attrdefs><attrdomv><udom Sync="TRUE">Positive real numbers that are automatically generated.</udom></attrdomv></attr></detailed></eainfo><mdDateSt Sync="TRUE">20130313</mdDateSt></metadata>
